date,home_team,away_team,home_elo,away_elo,actual_score,pred_away_win,pred_draw,pred_home_win,prediction,confidence,correct
2022-11-20,Qatar,Ecuador,1775.6,1920.8,0-2,0.2188,0.2248,0.5564,Home Win,0.5564,0
2022-11-21,United States,Wales,1887.3,1853.5,1-1,0.1678,0.2695,0.5627,Home Win,0.5627,0
2022-11-21,England,Iran,1987.2,1902.8,6-2,0.0052,0.0575,0.9373,Home Win,0.9373,1
2022-11-21,Senegal,Netherlands,1824.6,2132.0,0-2,0.7614,0.2236,0.0149,Away Win,0.7614,1
2022-11-22,Argentina,Saudi Arabia,2220.4,1758.7,1-2,0.0108,0.0237,0.9654,Home Win,0.9654,0
2022-11-22,Mexico,Poland,1889.3,1895.7,0-0,0.6212,0.2434,0.1354,Away Win,0.6212,0
2022-11-22,Denmark,Tunisia,2051.8,1844.5,0-0,0.0969,0.3031,0.6,Home Win,0.6,0
2022-11-22,France,Australia,2056.0,1850.6,4-1,0.0619,0.2145,0.7236,Home Win,0.7236,1
2022-11-23,Germany,Japan,2048.1,1904.4,1-2,0.5457,0.1932,0.2611,Away Win,0.5457,1
2022-11-23,Spain,Costa Rica,2133.7,1882.2,7-0,0.0327,0.1166,0.8506,Home Win,0.8506,1
2022-11-23,Morocco,Croatia,1880.9,2012.6,0-0,0.5527,0.3189,0.1285,Away Win,0.5527,0
2022-11-23,Belgium,Canada,2067.6,1896.5,1-0,0.2146,0.1343,0.6511,Home Win,0.6511,1
2022-11-24,Portugal,Ghana,2084.7,1697.9,3-2,0.008,0.1768,0.8152,Home Win,0.8152,1
2022-11-24,Uruguay,South Korea,2027.3,1897.1,0-0,0.09,0.3356,0.5744,Home Win,0.5744,0
2022-11-24,Switzerland,Cameroon,1975.5,1713.8,1-0,0.1883,0.3781,0.4336,Home Win,0.4336,1
2022-11-24,Brazil,Serbia,2268.5,1992.8,2-0,0.0478,0.0915,0.8607,Home Win,0.8607,1
2022-11-25,Qatar,Senegal,1733.8,1810.6,1-3,0.1139,0.4639,0.4221,Draw,0.4639,0
2022-11-25,Netherlands,Ecuador,2145.9,1962.6,1-1,0.0376,0.1897,0.7727,Home Win,0.7727,0
2022-11-25,Wales,Iran,1856.6,1857.1,0-2,0.0323,0.3489,0.6188,Home Win,0.6188,0
2022-11-25,England,United States,2032.9,1884.2,0-0,0.1889,0.2423,0.5688,Home Win,0.5688,0
2022-11-26,France,Denmark,2082.3,2034.7,2-1,0.2571,0.3658,0.3772,Home Win,0.3772,1
2022-11-26,Poland,Saudi Arabia,1895.1,1818.5,2-0,0.1684,0.068,0.7636,Home Win,0.7636,1
2022-11-26,Argentina,Mexico,2160.6,1889.9,2-0,0.2411,0.0828,0.6761,Home Win,0.6761,1
2022-11-26,Tunisia,Australia,1861.6,1824.3,0-1,0.0427,0.4358,0.5215,Home Win,0.5215,0
2022-11-27,Croatia,Canada,2001.1,1879.1,4-1,0.2183,0.3809,0.4007,Home Win,0.4007,1
2022-11-27,Belgium,Morocco,2085.0,1892.5,0-2,0.164,0.2603,0.5757,Home Win,0.5757,0
2022-11-27,Spain,Germany,2161.1,2003.5,1-1,0.7458,0.1113,0.1429,Away Win,0.7458,0
2022-11-27,Japan,Costa Rica,1948.9,1854.8,0-1,0.1417,0.5863,0.2719,Draw,0.5863,0
2022-11-28,Portugal,Uruguay,2090.9,2015.8,2-0,0.0238,0.2025,0.7736,Home Win,0.7736,1
2022-11-28,Cameroon,Serbia,1702.2,1976.5,3-3,0.638,0.2849,0.0771,Away Win,0.638,0
2022-11-28,Brazil,Switzerland,2284.8,1987.1,1-0,0.0621,0.3709,0.567,Home Win,0.567,1
2022-11-28,South Korea,Ghana,1908.6,1691.6,2-3,0.5212,0.2503,0.2285,Away Win,0.5212,1
2022-11-29,Wales,England,1808.7,2020.0,0-3,0.8167,0.1501,0.0332,Away Win,0.8167,1
2022-11-29,Iran,United States,1905.0,1897.1,0-1,0.2203,0.4928,0.2869,Draw,0.4928,0
2022-11-29,Ecuador,Senegal,1978.0,1861.8,1-2,0.5287,0.3341,0.1372,Away Win,0.5287,1
2022-11-29,Qatar,Netherlands,1682.6,2130.5,0-2,0.8956,0.0773,0.0271,Away Win,0.8956,1
2022-11-30,Australia,Denmark,1859.7,2007.1,1-0,0.5228,0.3637,0.1135,Away Win,0.5228,0
2022-11-30,Tunisia,France,1826.2,2109.9,1-0,0.7303,0.2286,0.0411,Away Win,0.7303,0
2022-11-30,Poland,Argentina,1932.7,2177.3,0-2,0.8585,0.1148,0.0268,Away Win,0.8585,1
2022-11-30,Saudi Arabia,Mexico,1780.9,1873.2,1-2,0.6926,0.1694,0.138,Away Win,0.6926,1
2022-12-01,Japan,Spain,1908.5,2147.5,2-1,0.9325,0.0609,0.0066,Away Win,0.9325,0
2022-12-01,Costa Rica,Germany,1895.2,2017.1,2-4,0.8507,0.1121,0.0372,Away Win,0.8507,1
2022-12-01,Croatia,Belgium,2038.2,2012.8,0-0,0.5713,0.241,0.1877,Away Win,0.5713,0
2022-12-01,Canada,Morocco,1842.0,1964.6,1-2,0.353,0.4297,0.2172,Draw,0.4297,0
2022-12-02,Serbia,Switzerland,1955.5,1977.3,2-3,0.2179,0.5795,0.2026,Draw,0.5795,0
2022-12-02,Cameroon,Brazil,1723.2,2294.5,1-0,0.9827,0.0153,0.002,Away Win,0.9827,0
2022-12-02,Ghana,Uruguay,1741.4,1978.0,0-2,0.6765,0.1571,0.1664,Away Win,0.6765,1
2022-12-02,South Korea,Portugal,1858.8,2128.7,2-1,0.878,0.0874,0.0347,Away Win,0.878,0
2022-12-03,Argentina,Australia,2196.2,1904.5,2-1,0.0536,0.062,0.8844,Home Win,0.8844,1
2022-12-03,Netherlands,United States,2141.9,1929.8,3-1,0.1635,0.1112,0.7253,Home Win,0.7253,1
2022-12-04,France,Poland,2056.4,1913.8,3-1,0.6178,0.1929,0.1893,Away Win,0.6178,0
2022-12-04,England,Senegal,2045.6,1904.2,3-0,0.3481,0.4597,0.1922,Draw,0.4597,0
2022-12-05,Japan,Croatia,1959.6,2035.8,1-1,0.5404,0.3858,0.0738,Away Win,0.5404,0
2022-12-05,Brazil,South Korea,2232.8,1911.7,4-1,0.0782,0.2208,0.701,Home Win,0.701,1
2022-12-06,Morocco,Spain,1985.8,2096.4,0-0,0.7433,0.2329,0.0239,Away Win,0.7433,0
2022-12-06,Portugal,Switzerland,2075.9,2007.3,6-1,0.0117,0.2125,0.7758,Home Win,0.7758,1
2022-12-09,Croatia,Brazil,2028.9,2248.1,1-1,0.7654,0.1745,0.0601,Away Win,0.7654,0
2022-12-09,Netherlands,Argentina,2163.8,2206.2,2-2,0.4574,0.3964,0.1462,Away Win,0.4574,0
2022-12-10,England,France,2080.0,2085.7,1-2,0.7298,0.2051,0.0651,Away Win,0.7298,1
2022-12-10,Morocco,Portugal,1995.7,2127.4,1-0,0.7067,0.2415,0.0519,Away Win,0.7067,0
2022-12-13,Argentina,Croatia,2202.4,2046.8,3-0,0.7354,0.0539,0.2107,Away Win,0.7354,0
2022-12-14,France,Morocco,2117.2,2039.2,2-0,0.2872,0.4231,0.2897,Draw,0.4231,0
2022-12-17,Croatia,Morocco,2014.3,2001.8,2-1,0.452,0.3535,0.1945,Away Win,0.452,0
2022-12-18,Argentina,France,2234.8,2154.6,3-3,0.3965,0.2944,0.3091,Away Win,0.3965,0
